{"cameraMode":{"drawMode":0,"name":"Shaded","section":"Shading Mode"},"sceneLighting":true,"audioPlay":false,"sceneViewState":{"showFog":true,"showMaterialUpdate":true,"showSkybox":true,"showFlares":true,"showImageEffects":true,"showParticleSystems":true},"in2DMode":false,"pivot":{"x":3.041311264038086,"y":-3.3443663120269777,"z":-2.6843719482421877},"rotation":{"x":-0.16161416471004487,"y":0.13190583884716035,"z":-0.021802861243486406,"w":-0.9777569770812988},"size":18.25867462158203,"orthographic":false}